instance_100_2_*.air;801.989
instance_100_3_*.air;649.174
instance_100_4_*.air;520.301
instance_100_5_*.air;501.054
instance_100_6_*.air;456.489
instance_100_7_*.air;449.572
instance_100_8_*.air;348.767
instance_100_9_*.air;376.68
instance_100_10_*.air;428.424
instance_100_11_*.air;376.221
instance_100_12_*.air;387.184
instance_100_13_*.air;407.755
instance_100_14_*.air;403.537
instance_100_15_*.air;359.102
instance_100_16_*.air;338.261
instance_100_17_*.air;381.474
instance_100_18_*.air;361.546
instance_100_19_*.air;379.113
instance_100_20_*.air;303.946
instance_100_21_*.air;275.668
instance_100_22_*.air;258.349
instance_100_23_*.air;343.099
instance_100_24_*.air;280.432
instance_100_25_*.air;252.554
instance_100_26_*.air;314.128
instance_100_27_*.air;284.034
instance_100_28_*.air;283.374
instance_100_29_*.air;255.619
instance_100_30_*.air;278.271
